chrm,start_position,end_position,reference_bases,alternate_bases,rsid,qual,filter,info,chromosome
9,111966240,111966241,C,T,rs187019067,100,PASS,AC=1;AF=0.000199681;AN=5008;NS=2504;DP=21488;EAS_AF=0;AMR_AF=0.0014;AFR_AF=0;EUR_AF=0;SAS_AF=0;AA=C|||;VT=SNP,9
9,111989863,111989864,C,T,rs144767384,100,PASS,AC=10;AF=0.00199681;AN=5008;NS=2504;DP=16151;EAS_AF=0;AMR_AF=0.0029;AFR_AF=0.0008;EUR_AF=0.007;SAS_AF=0;AA=C|||;VT=SNP,9
9,112006048,112006049,C,T,rs189573565,100,PASS,AC=2;AF=0.000399361;AN=5008;NS=2504;DP=20403;EAS_AF=0.002;AMR_AF=0;AFR_AF=0;EUR_AF=0;SAS_AF=0;AA=C|||;VT=SNP,9
9,112072836,112072837,C,T,rs552995606,100,PASS,AC=1;AF=0.000199681;AN=5008;NS=2504;DP=18707;EAS_AF=0;AMR_AF=0;AFR_AF=0;EUR_AF=0;SAS_AF=0.001;AA=c|||;VT=SNP,9
9,112075150,112075151,C,T,rs571785026,100,PASS,AC=1;AF=0.000199681;AN=5008;NS=2504;DP=18366;EAS_AF=0;AMR_AF=0;AFR_AF=0;EUR_AF=0.001;SAS_AF=0;AA=C|||;VT=SNP,9
9,112119180,112119181,C,T,rs544106416,100,PASS,AC=1;AF=0.000199681;AN=5008;NS=2504;DP=20166;EAS_AF=0;AMR_AF=0.0014;AFR_AF=0;EUR_AF=0;SAS_AF=0;AA=C|||;VT=SNP,9
9,112123697,112123698,C,T,rs140152766,100,PASS,AC=20;AF=0.00399361;AN=5008;NS=2504;DP=15644;EAS_AF=0;AMR_AF=0.0058;AFR_AF=0;EUR_AF=0.0139;SAS_AF=0.002;AA=C|||;VT=SNP,9
9,112186841,112186842,C,T,rs568564771,100,PASS,AC=1;AF=0.000199681;AN=5008;NS=2504;DP=19448;EAS_AF=0;AMR_AF=0;AFR_AF=0;EUR_AF=0;SAS_AF=0.001;AA=C|||;VT=SNP,9
9,112244593,112244594,C,T,rs73527469,100,PASS,AC=36;AF=0.0071885;AN=5008;NS=2504;DP=17241;EAS_AF=0;AMR_AF=0.0029;AFR_AF=0.0257;EUR_AF=0;SAS_AF=0;AA=C|||;VT=SNP,9
9,112251084,112251085,C,T,rs139789183,100,PASS,AC=3;AF=0.000599042;AN=5008;NS=2504;DP=20523;EAS_AF=0.003;AMR_AF=0;AFR_AF=0;EUR_AF=0;SAS_AF=0;AA=C|||;VT=SNP,9
